sku,rating,review_count
VNSPD-013,4.67,3
TVM-RFRAIL-WB144,5.0,2
TVM-RFRAIL-WB170,5.0,2
1003,4.95,20
1004,4.95,20
1005,4.95,20
1006,4.95,20
1007,4.95,20
1008,4.95,20
1009,4.95,20
1010,4.95,20
TVM-DOORPNL-OAT,5.0,1
TVM-DOORPNL-BLK,5.0,1
TVM-DOORPNL-GRY,5.0,1
BSD001,4.67,3
BSP002,4.67,3
BSD001/BSP002,4.67,3
VNSPD099-A,5.0,2
VNSPD099-B,5.0,2
VNSPD099-C,5.0,2
TVM-CRLRING,4.8,5
TVM-HDLFAB-GREYMIX,5.0,1
TVM-HDLFAB-DKGREY,5.0,1
TVM-HDLFAB-OAT,5.0,1
TVM-HDLFAB-TOAST,5.0,1
TVM-HDLFAB-BLK,5.0,1
VNSPD-005,4.83,78
VNSPD-005 + VNSPD-005-SA3,4.83,78
VNSPD-015,5.0,3
VNSPD-007,4.94,18
VNSPD-024,5.0,6
VNSPD-026,5.0,9
TVM-AUXSW,5.0,1
VW3310L + VW3310R,4.33,9
VNSPD-009,5.0,19
VNSPD-016,5.0,1
VNSPD-016 + VNSPD-017,5.0,1
VNSPD-015 + VNSPD-016,5.0,1
VNSPD-008B,5.0,10
VNSPD-010,5.0,1
TVM-GIFTCARD-050,5.0,1
TVM-GIFTCARD-100,5.0,1
TVM-GIFTCARD-500,5.0,1
TVM-GIFTCARD-1000,5.0,1
TVM-GIFTCARD-2000,5.0,1
TVM-SHOP-WBLK-M,5.0,1
TVM-SHOP-WBLK-L,5.0,1
TVM-SHOP-WBLK-XL,5.0,1
TVM-SUN-BONE-M,5.0,1
TVM-SUN-BONE-L,5.0,1
TVM-SUN-BONE-XL,5.0,1
VNSPD-041,5.0,2
VNMRT057-A,5.0,3
VNMRT057-B,5.0,3
VNSPD-031H,5.0,20
VNSPD-031H + VNSPD-043,5.0,20
VNSPD-031H + VNSPD-036 + VNSPD-037 + VNSPD-040 + VNSPD-041,5.0,20
VNSPD-031H + VNSPD-036 + VNSPD-037 + VNSPD-040 + VNSPD-041 + VNSPD-043,5.0,20
VNSPD-031C,5.0,20
VNSPD-031F,5.0,20
VNSPD-031C + VNSPD-042,5.0,20
VNSPD-031F + VNSPD-042,5.0,20
VNSPD-031D,5.0,20
VNSPD-031G,5.0,20
VNSPD-031D + VNSPD-042,5.0,20
VNSPD-031G + VNSPD-042,5.0,20
VNSPD-044,5.0,1
910-810-05-03-7C45,4.83,12
VNMRT058-A,5.0,1
VNMRT058-B,5.0,1
VNMRT058-C,5.0,1
VNMRT054-A,5.0,1
VNMRT054-B,5.0,1
VNSPD-060,4.89,19
VNSPD-032,5.0,20
VNSPD-025,5.0,2
VNSPD-052,4.78,9
VNSPD-052B,4.78,9
VNSPD-062,5.0,1
VNSPD-062B,5.0,1
VNSPD-067,5.0,1
TVM-SCRIPT-SGE-S,5.0,1
TVM-SCRIPT-SGE-M,5.0,1
TVM-SCRIPT-SGE-L,5.0,1
TVM-SCRIPT-SGE-XL,5.0,1
TVM-SCRIPT-SGE-XXL,5.0,1
TVM-SCRIPT-BLKORG-S,5.0,1
TVM-SCRIPT-BLKORG-M,5.0,1
TVM-SCRIPT-BLKORG-L,5.0,1
TVM-SCRIPT-BLKORG-XL,5.0,1
TVM-SCRIPT-BLKORG-XXL,5.0,1
TVM-SPFRTCAB-0718,5.0,4
TVM-SPFRTCAB-1923,5.0,4
TVM-WCSLIDE,5.0,4
TVM-SPREAR-0718-NOPL,5.0,4
TVM-SPREAR-0718-LPT,5.0,4
TVM-SPREAR-0718-FPT,5.0,4
TVM-SPREAR-19C-NOPL,5.0,4
TVM-SPREAR-19C-LPT,5.0,4
TVM-SPREAR-19C-FPT,5.0,4
TVM-SPCREW,5.0,4
TVM-BWCCRL-SLD,5.0,4
TVM-BWCCRL-AWN,5.0,4
TVM-BWCAMA,5.0,4
TVM-SP8PC-0718-NOPL,5.0,4
TVM-SP8PC-0718-LPT,5.0,4
TVM-SP8PC-1923-NOPL,5.0,4
TVM-SP8PC-1923-LPT,5.0,4
TVM-TR8PC,5.0,4
TVM-TRFRTCAB,5.0,4
TVM-TRSLIDE,5.0,4
TVM-TRCREW,5.0,4
TVM-TRREAR,5.0,4
TVM-PM8PC,5.0,4
TVM-PMFRTCAB,5.0,4
TVM-PMSLIDE,5.0,4
TVM-PMREAR,5.0,4
TVM-FCFMAT-0718,5.0,4
TVM-FCFMAT-1923,5.0,4
TVM-PRIVTENT,5.0,1
VNSPD-005-SA3,4.0,1
VNMRT056,5.0,1
TVM-TIRECAR-AWD,4.0,2
TVM-TIRECAR-2WD,4.0,2
TVM-TIRECAR-AFTM,4.0,2
VNSPD-061,5.0,4
TVM-LOCKBOX,5.0,2
TVM-HDBUMPER,5.0,1
TVM-SKIDPLT-RAW-2WD,5.0,2
TVM-SKIDPLT-RAW-AWD,5.0,2
TVM-SKIDPLT-TPC-2WD,5.0,2
TVM-SKIDPLT-TPC-AWD,5.0,2
TVM-SGRABBAR,4.97,31
TVM-RGRABBAR,5.0,7
VNMRT043-A,5.0,1
VNMRT043-B,5.0,1
CV-SCE-PR-040-S,5.0,6
CV-SCE-DI-041-S,5.0,6
VWS-001-R1,4.0,1
CV-SHB-GR-009-S,5.0,1
CV-SHB-BL-010-S,5.0,1
CV-LHB-GR-005-S,5.0,1
CV-LHB-BL-006-S,5.0,1
GCT0140,5.0,1
GCT0230,5.0,1
GCT0208,5.0,1
GCT0140-1,5.0,1
GCT0230-1,5.0,1
GCT0208-1,5.0,1
GCT0140-2,5.0,1
GCT0140-3,5.0,1
GCT0140-4,5.0,1
TVM-HDHDLNR,5.0,2
VNSPD-075,4.83,6
CEL-PFN-136,5.0,2
sku-48049586864364,5.0,2
sku-48049586897132,5.0,2
CEL-BMB-136,5.0,2
CEL-BMB-136,5.0,2
sku-48049586929900,5.0,2
CEL-BMB-136,5.0,2
sku-48049586962668,5.0,2
sku-48049586995436,5.0,2
CEL-BMB-136,5.0,2
CEL-STH-159,5.0,2
sku-48049587028204,5.0,2
CEL-PFN-159E,5.0,2
sku-48049587060972,5.0,2
sku-48049587093740,5.0,2
CEL-BMB-159E,5.0,2
CEL-STH-159E,5.0,2
sku-48049587126508,5.0,2
WAL-PFN-136-FW,5.0,3
WAL-BMB-136-FW,5.0,3
WAL-FKG-136-FW,5.0,3
WAL-WHT-136-FW,5.0,3
WAL-BLK-136-FW,5.0,3
WAL-STH-136-FW,5.0,3
WAL-MER-136-FW,5.0,3
WAL-PFN-159-FW,5.0,3
WAL-BMB-159-FW,5.0,3
WAL-FKG-159-FW,5.0,3
WAL-WHT-159-FW,5.0,3
WAL-BLK-159-FW,5.0,3
WAL-STH-159-FW,5.0,3
WAL-MER-159-FW,5.0,3
CEL-PNF-148T-FMB,5.0,2
CEL-PNF-148T-GCF,5.0,2
CEL-PNF-148T-FGC,5.0,2
CEL-BMB-148T-FMB,5.0,2
CEL-BMB-148T-GCF,5.0,2
CEL-BMB-148T-FGC,5.0,2
CEL-STH-148M-FMB,5.0,2
CEL-STH-148M-GCF,5.0,2
CEL-STH-148M-FGC,5.0,2
CEL-PNF-148-FMB,5.0,2
CEL-PNF-148-GCF,5.0,2
CEL-PNF-148-FGC,5.0,2
CEL-BMB-148-FMB,5.0,2
CEL-BMB-148-GCF,5.0,2
CEL-BMB-148-FGC,5.0,2
CEL-STH-148-FMB,5.0,2
CEL-STH-148-GCF,5.0,2
CEL-STH-148-FGC,5.0,2
CEL-PNF-148E-FMB,5.0,2
CEL-PNF-148E-GCF,5.0,2
CEL-PFN-148E-FGC,5.0,2
CEL-BMB-148E-FMB,5.0,2
CEL-BMB-148E-GCF,5.0,2
CEL-BMB-148E-FGC,5.0,2
CEL-STH-148E-FMB,5.0,2
CEL-STH-148E-GCF,5.0,2
CEL-STH-148E-FGC,5.0,2
WAL-PNF-148M-FWAP,5.0,3
WAL-BMB-148M-FWAP,5.0,3
WAL-FKG-148M-FWAP,5.0,3
WAL-WHT-148M-FWAP,5.0,3
WAL-BLK-148M-FWAP,5.0,3
WAL-STH-148M-FWAP,5.0,3
WAL-MER-148M-FWAP,5.0,3
WAL-PNF-148-FWAP,5.0,3
WAL-BMB-148-FWAP,5.0,3
WAL-FKG-148-FWAP,5.0,3
WAL-WHT-148-FWAP,5.0,3
WAL-BLK-148-FWAP,5.0,3
WAL-STH-148-FWAP,5.0,3
WAL-MER-148-FWAP,5.0,3
WAL-PNF-148E-FWAP,5.0,3
WAL-BMB-148E-FWAP,5.0,3
WAL-FKG-148E-FWAP,5.0,3
WAL-WHT-148E-FWAP,5.0,3
WAL-BLK-148E-FWAP,5.0,3
WAL-STH-148E-FWAP,5.0,3
WAL-MER-148E-FWAP,5.0,3
CEL-PFN-144L-FMB,5.0,2
CEL-PFN-144L-GCF,5.0,2
CEL-PFN-144L-FGC,5.0,2
CEL-PFN-144L-NFG,5.0,2
CEL-BMB-144L-FMB,5.0,2
CEL-BMB-144L-GCF,5.0,2
CEL-BMB-144L-FGC,5.0,2
CEL-BMB-144L-NFG,5.0,2
CEL-STH-144L-FMB,5.0,2
CEL-STH-144L-GCF,5.0,2
CEL-STH-144L-FGC,5.0,2
CEL-STH-144L-NFG,5.0,2
CEL-PFN-144-FMB,5.0,2
CEL-PFN-144-GCF,5.0,2
CEL-PFN-144-FGC,5.0,2
CEL-PFN-144-NFG,5.0,2
CEL-BMB-144-FMB,5.0,2
CEL-BMB-144-GCF,5.0,2
CEL-BMB-144-FGC,5.0,2
CEL-BMB-144-NFG,5.0,2
CEL-STH-144-FMB,5.0,2
CEL-STH-144-GCF,5.0,2
CEL-STH-144-FGC,5.0,2
CEL-STH-144-NFG,5.0,2
CEL-PFN-170-FMB,5.0,2
CEL-PFN-170-GCF,5.0,2
CEL-PFN-170-FGC,5.0,2
CEL-PFN-170-NFG,5.0,2
CEL-BMB-170-FMB,5.0,2
CEL-BMB-170-GCF,5.0,2
WAL-PFN-N144-NFW,5.0,3
WAL-FKG-N144-NFW,5.0,3
WAL-WHT-N144-NFW,5.0,3
WAL-BLK-N144-NFW,5.0,3
WAL-STH-N144-NFW,5.0,3
WAL-BMB-N144-NFW,5.0,3
WAL-MER-N144-NFW,5.0,3
WAL-PFN-V144-NFW,5.0,3
WAL-FKG-V144-NFW,5.0,3
WAL-WHT-V144-NFW,5.0,3
WAL-BLK-V144-NFW,5.0,3
WAL-STH-V144-NFW,5.0,3
WAL-BMB-V144-NFW,5.0,3
WAL-MER-V144-NFW,5.0,3
WAL-PFN-N170-NFW,5.0,3
WAL-FKG-N170-NFW,5.0,3
WAL-WHT-N170-NFW,5.0,3
WAL-BLK-N170-NFW,5.0,3
WAL-STH-N170-NFW,5.0,3
WAL-BMB-N170-NFW,5.0,3
WAL-MER-N170-NFW,5.0,3
WAL-PFN-V170-NFW,5.0,3
WAL-FKG-V170-NFW,5.0,3
WAL-WHT-V170-NFW,5.0,3
WAL-BLK-V170-NFW,5.0,3
WAL-STH-V170-NFW,5.0,3
WAL-BMB-V170-NFW,5.0,3
WAL-MER-V170-NFW,5.0,3
WAL-PFN-N170E-NFW,5.0,3
WAL-FKG-N170E-NFW,5.0,3
99-012201,5.0,1
99-012202,5.0,1
VST-WWC-144,5.0,1
VST-NWC-144,5.0,1
VST-WWC-170,5.0,1
VST-NWC-170,5.0,1
VST-WWC-148,5.0,1
VST-NWC-148,5.0,1
VST-WWC-148E,5.0,1
VST-NWC-148E,5.0,1
SRGB230,5.0,4
UBC-PNF-20,5.0,1
UBC-PNF-30,5.0,1
UBC-PNF-40,5.0,1
UBC-WHT-20,5.0,1
UBC-WHT-30,5.0,1
UBC-WHT-40,5.0,1
UBC-BLK-20,5.0,1
UBC-BLK-30,5.0,1
UBC-BLK-40,5.0,1
UBC-GRN-20,5.0,1
UBC-GRN-30,5.0,1
UBC-GRN-40,5.0,1
UBC-DNM-20,5.0,1
UBC-DNM-30,5.0,1
UBC-DNM-40,5.0,1
UBC-STH-20,5.0,1
UBC-STH-30,5.0,1
UBC-STH-40,5.0,1
UBC-PBMB-20,5.0,1
UBC-PBMB-30,5.0,1
UBC-PBMB-40,5.0,1
UBC-STBM-20,5.0,1
UBC-STBM-30,5.0,1
UBC-STBM-40,5.0,1
