UBC-PNF-20,Transit
UBC-PNF-30,Transit
UBC-PNF-40,Transit
UBC-WHT-20,Transit
UBC-WHT-30,Transit
UBC-WHT-40,Transit
UBC-BLK-20,Transit
UBC-BLK-30,Transit
UBC-BLK-40,Transit
UBC-GRN-20,Transit
UBC-GRN-30,Transit
UBC-GRN-40,Transit
UBC-DNM-20,Transit
UBC-DNM-30,Transit
UBC-DNM-40,Transit
UBC-STH-20,Transit
UBC-STH-30,Transit
UBC-STH-40,Transit
UBC-PBMB-20,Transit
UBC-PBMB-30,Transit
UBC-PBMB-40,Transit
UBC-STBM-20,Transit
UBC-STBM-30,Transit
UBC-STBM-40,Transit
KNT-PFN-PSG-D65,Sprinter|Transit|ProMaster
sku-50520592187628,Sprinter|Transit|ProMaster
sku-50520592220396,Sprinter|Transit|ProMaster
KNT-PFN-PSG-D85,Sprinter|Transit|ProMaster
sku-50520592253164,Sprinter|Transit|ProMaster
sku-50520592285932,Sprinter|Transit|ProMaster
KNT-WHT-PSG-D65,Sprinter|Transit|ProMaster
sku-50520592318700,Sprinter|Transit|ProMaster
sku-50520592351468,Sprinter|Transit|ProMaster
KNT-WHT-PSG-D85,Sprinter|Transit|ProMaster
sku-50520592384236,Sprinter|Transit|ProMaster
sku-50520592417004,Sprinter|Transit|ProMaster
KNT-BLK-PSG-D65,Sprinter|Transit|ProMaster
sku-50520592449772,Sprinter|Transit|ProMaster
sku-50520592482540,Sprinter|Transit|ProMaster
KNT-BLK-PSG-D85,Sprinter|Transit|ProMaster
sku-50520592515308,Sprinter|Transit|ProMaster
sku-50520592548076,Sprinter|Transit|ProMaster
KNT-GSL-PSG-D65,Sprinter|Transit|ProMaster
sku-50520592580844,Sprinter|Transit|ProMaster
sku-50520592613612,Sprinter|Transit|ProMaster
KNT-GSL-PSG-D85,Sprinter|Transit|ProMaster
sku-50520592646380,Sprinter|Transit|ProMaster
sku-50520592679148,Sprinter|Transit|ProMaster
KNT-DNM-PSG-D65,Sprinter|Transit|ProMaster
sku-50520592711916,Sprinter|Transit|ProMaster
sku-50520592744684,Sprinter|Transit|ProMaster
KNT-DNM-PSG-D85,Sprinter|Transit|ProMaster
sku-50520592777452,Sprinter|Transit|ProMaster
sku-50520592810220,Sprinter|Transit|ProMaster
sku-47361377337580,Sprinter|Transit|ProMaster
sku-47361377370348,Sprinter|Transit|ProMaster
sku-47361377403116,Sprinter|Transit|ProMaster
sku-47361377435884,Sprinter|Transit|ProMaster
sku-47361377468652,Sprinter|Transit|ProMaster
sku-47361377501420,Sprinter|Transit|ProMaster
UPP-PFN-RSD-SPR-36,Sprinter|Transit|ProMaster
UPP-PFN-RSD-TRN-36,Sprinter|Transit|ProMaster
UPP-PFN-RSD-PST-36,Sprinter|Transit|ProMaster
UPP-PFN-RSD-SPR-40,Sprinter|Transit|ProMaster
UPP-PFN-RSD-TRN-40,Sprinter|Transit|ProMaster
UPP-PFN-RSD-PST-40,Sprinter|Transit|ProMaster
UPP-PFN-RSD-SPR-44,Sprinter|Transit|ProMaster
UPP-PFN-RSD-TRN-44,Sprinter|Transit|ProMaster
UPP-PFN-RSD-PST-44,Sprinter|Transit|ProMaster
UPP-PFN-RSL-SPR-36,Sprinter|Transit|ProMaster
UPP-PFN-RSL-TRN-36,Sprinter|Transit|ProMaster
UPP-PFN-RSL-PST-36,Sprinter|Transit|ProMaster
UPP-PFN-RSL-SPR-40,Sprinter|Transit|ProMaster
UPP-PFN-RSL-TRN-40,Sprinter|Transit|ProMaster
UPP-PFN-RSL-PST-40,Sprinter|Transit|ProMaster
UPP-PFN-RSL-SPR-44,Sprinter|Transit|ProMaster
UPP-PFN-RSL-TRN-44,Sprinter|Transit|ProMaster
UPP-PFN-RSL-PST-44,Sprinter|Transit|ProMaster
KTN-PFN-DTL-SF-D130,Sprinter|Transit|ProMaster
KTN-PFN-DTR-SF-N130,Sprinter|Transit|ProMaster
KTN-PFN-DTL-SD-D130,Sprinter|Transit|ProMaster
KTN-PFN-DTR-SD-N130,Sprinter|Transit|ProMaster
KTN-PFN-DTL-DF-D30,Sprinter|Transit|ProMaster
KTN-PFN-DTR-DF-D30,Sprinter|Transit|ProMaster
KTN-PFN-TTL-D30,Sprinter|Transit|ProMaster
KTN-PFN-TTR-D30,Sprinter|Transit|ProMaster
KTN-WHT-DTL-SF-D30,Sprinter|Transit|ProMaster
KTN-WHT-DTR-SF-D30,Sprinter|Transit|ProMaster
KTN-WHT-DTL-SD-D130,Sprinter|Transit|ProMaster
KTN-WHT-DTR-SD-N130,Sprinter|Transit|ProMaster
KTN-WHT-DTL-DF-D30,Sprinter|Transit|ProMaster
KTN-WHT-DTR-DF-D30,Sprinter|Transit|ProMaster
KTN-WHT-TTL-D30,Sprinter|Transit|ProMaster
KTN-WHT-TTR-D30,Sprinter|Transit|ProMaster
KTN-BLK-DTL-SF-D30,Sprinter|Transit|ProMaster
KTN-BLK-DTR-SF-D30,Sprinter|Transit|ProMaster
KTN-BLK-DTL-SD-D130,Sprinter|Transit|ProMaster
KTN-BLK-DTR-SD-N130,Sprinter|Transit|ProMaster
KTN-BLK-DTL-DF-D30,Sprinter|Transit|ProMaster
KTN-BLK-DTR-DF-D30,Sprinter|Transit|ProMaster
KTN-BLK-TTL-D30,Sprinter|Transit|ProMaster
KTN-BLK-TTR-D30,Sprinter|Transit|ProMaster
KTN-GRN-DTL-SF-D30,Sprinter|Transit|ProMaster
KTN-GRN-DTR-SF-D30,Sprinter|Transit|ProMaster
KTN-GRN-DTL-SD-D130,Sprinter|Transit|ProMaster
KTN-GRN-DTR-SD-N130,Sprinter|Transit|ProMaster
KTN-GRN-DTL-DF-D30,Sprinter|Transit|ProMaster
KTN-GRN-DTR-DF-D30,Sprinter|Transit|ProMaster
KTN-PFN-FCB-N60,Sprinter
KTN-PFN-FCB-N80,Sprinter
KTN-PFN-FCB-D85,Sprinter
KTN-WHT-FCB-N60,Sprinter
KTN-WHT-FCB-N80,Sprinter
KTN-WHT-FCB-D85,Sprinter
KTN-BLK-FCB-N60,Sprinter
KTN-BLK-FCB-N80,Sprinter
KTN-BLK-FCB-D85,Sprinter
KTN-GRN-FCB-N60,Sprinter
KTN-GRN-FCB-N80,Sprinter
KTN-GRN-FCB-D85,Sprinter
KTN-DNM-FCB-N60,Sprinter
KTN-DNM-FCB-N80,Sprinter
KTN-DNM-FCB-D85,Sprinter
KTN-STH-FCB-N60,Sprinter
KTN-STH-FCB-N80,Sprinter
KTN-STH-FCB-D85,Sprinter
KTN-PBMB-FCB-N60,Sprinter
KTN-PBMB-FCB-N80,Sprinter
KTN-PBMB-FCB-D85,Sprinter
KTN-SMB-FCB-N60,Sprinter
KTN-SMB-FCB-N80,Sprinter
KTN-SMB-FCB-D85,Sprinter
FLR-STD-144,"Sprinter>144""|Sprinter>170"""
FLR-ADV-144,"Sprinter>144""|Sprinter>170"""
FLR-STDSUB-144,"Sprinter>144""|Sprinter>170"""
FLR-ADVSUB-144,"Sprinter>144""|Sprinter>170"""
FLR-STD-170,"Sprinter>144""|Sprinter>170"""
FLR-ADV-170,"Sprinter>144""|Sprinter>170"""
FLR-STDSUB-170,"Sprinter>144""|Sprinter>170"""
FLR-ADVSUB-170,"Sprinter>144""|Sprinter>170"""
FLR-STD-170E,"Sprinter>144""|Sprinter>170"""
FLR-ADV-170E,"Sprinter>144""|Sprinter>170"""
FLR-STDSUB-170E,"Sprinter>144""|Sprinter>170"""
FLR-ADVSUB-170E,"Sprinter>144""|Sprinter>170"""
FLR-STD-170D,"Sprinter>144""|Sprinter>170"""
FLR-ADV-170D,"Sprinter>144""|Sprinter>170"""
FLR-STDSUB-170D,"Sprinter>144""|Sprinter>170"""
FLR-ADVSUB-170D,"Sprinter>144""|Sprinter>170"""
sku-47361384775916,Sprinter|Transit|ProMaster
sku-47361384808684,Sprinter|Transit|ProMaster
sku-47361384841452,Sprinter|Transit|ProMaster
UPP-PNF-SQS-SPR-40,Sprinter|Transit|ProMaster
UPP-PNF-SQS-PST-40,Sprinter|Transit|ProMaster
UPP-PNF-SQS-TRN-40,Sprinter|Transit|ProMaster
UPP-PNF-SQS-SPR-48,Sprinter|Transit|ProMaster
UPP-PNF-SQS-PST-48,Sprinter|Transit|ProMaster
UPP-PNF-SQS-TRN-48,Sprinter|Transit|ProMaster
UPP-PNF-SQS-SPR-60,Sprinter|Transit|ProMaster
UPP-PNF-SQS-PST-60,Sprinter|Transit|ProMaster
UPP-PNF-SQS-TRN-60,Sprinter|Transit|ProMaster
sku-47361384874220,Sprinter|Transit|ProMaster
sku-47361384906988,Sprinter|Transit|ProMaster
sku-47361384939756,Sprinter|Transit|ProMaster
UPP-WHT-SQS-SPR-40,Sprinter|Transit|ProMaster
UPP-WHT-SQS-PST-40,Sprinter|Transit|ProMaster
UPP-WHT-SQS-TRN-40,Sprinter|Transit|ProMaster
UPP-WHT-SQS-SPR-48,Sprinter|Transit|ProMaster
UPP-WHT-SQS-PST-48,Sprinter|Transit|ProMaster
UPP-WHT-SQS-TRN-48,Sprinter|Transit|ProMaster
UPP-WHT-SQS-SPR-60,Sprinter|Transit|ProMaster
UPP-WHT-SQS-PST-60,Sprinter|Transit|ProMaster
UPP-WHT-SQS-TRN-60,Sprinter|Transit|ProMaster
sku-47361384972524,Sprinter|Transit|ProMaster
sku-47361385005292,Sprinter|Transit|ProMaster
sku-47361385038060,Sprinter|Transit|ProMaster
UPP-BLK-SQS-SPR-40,Sprinter|Transit|ProMaster
UPP-BLK-SQS-PST-40,Sprinter|Transit|ProMaster
UPP-BLK-SQS-TRN-40,Sprinter|Transit|ProMaster
FLR-STD-136,"ProMaster>159"""
FLR-ADV-136,"ProMaster>159"""
FLR-STDSUB-136,"ProMaster>159"""
FLR-ADVSUB-136,"ProMaster>159"""
FLR-STD-159,"ProMaster>159"""
FLR-ADV-159,"ProMaster>159"""
FLR-STDSUB-159,"ProMaster>159"""
FLR-ADVSUB-159,"ProMaster>159"""
FLR-STD-159E,"ProMaster>159"""
FLR-ADV-159E,"ProMaster>159"""
FLR-STDSUB-159E,"ProMaster>159"""
FLR-ADVSUB-159E,"ProMaster>159"""
KTN-PFN-SNK,Sprinter
KTN-WHT-SNK,Sprinter
KTN-BLK-SNK,Sprinter
KTN-GRN-SNK,Sprinter
KTN-DNM-SNK,Sprinter
KTN-STH-SNK,Sprinter
KTN-PBMB-SNK,Sprinter
KTN-SMB-SNK,Sprinter
FLR-STD-148,"Transit>148"""
FLR-ADV-148,"Transit>148"""
FLR-STDSUB-148,"Transit>148"""
FLR-ADVSUB-148,"Transit>148"""
FLR-STD-148E,"Transit>148"""
FLR-ADV-148E,"Transit>148"""
FLR-STDSUB-148E,"Transit>148"""
FLR-ADVSUB-148E,"Transit>148"""
FLR-STD-148ED,"Transit>148"""
FLR-ADV-148ED,"Transit>148"""
FLR-STDSUB-148ED,"Transit>148"""
FLR-ADVSUB-148ED,"Transit>148"""
FLR-STD-148T,"Transit>148"""
FLR-ADV-148T,"Transit>148"""
FLR-STDSUB-148T,"Transit>148"""
FLR-ADVSUB-148T,"Transit>148"""
WWP-PFN-UBB-SPR-54,Universal
WWP-PFN-UBB-PST-54,Universal
WWP-PFN-UBB-TRN-54,Universal
WWP-PFN-UBB-SPR-60,Universal
WWP-PFN-UBB-PST-60,Universal
WWP-PFN-UBB-TRN-60,Universal
WWP-PFN-UBB-SPR-66,Universal
WWP-PFN-UBB-PST-66,Universal
WWP-PFN-UBB-TRN-66,Universal
WWP-PFN-UBB-SPR-72,Universal
WWP-PFN-UBB-PST-72,Universal
WWP-PFN-UBB-TRN-72,Universal
WWP-WHT-UBB-SPR-54,Universal
WWP-WHT-UBB-PST-54,Universal
WWP-WHT-UBB-TRN-54,Universal
WWP-WHT-UBB-SPR-60,Universal
WWP-WHT-UBB-PST-60,Universal
WWP-WHT-UBB-TRN-60,Universal
WWP-WHT-UBB-SPR-66,Universal
WWP-WHT-UBB-PST-66,Universal
WWP-WHT-UBB-TRN-66,Universal
WWP-WHT-UBB-SPR-72,Universal
WWP-WHT-UBB-PST-72,Universal
WWP-WHT-UBB-TRN-72,Universal
WWP-BLK-UBB-SPR-54,Universal
WWP-BLK-UBB-PST-54,Universal
WWP-BLK-UBB-TRN-54,Universal
WWP-BLK-UBB-SPR-60,Universal
WWP-BLK-UBB-PST-60,Universal
WWP-BLK-UBB-TRN-60,Universal
