TWVM-5,Sprinter|Transit
TWVM-6,Sprinter|Transit
TWVM-7,Sprinter|Transit
TWVM-8,Sprinter|Transit
STK-MBDSL,Sprinter
TWNS-07,Sprinter
TWNS-07-2,Sprinter
TWNS-35,Sprinter
TWNS-35-2,Sprinter
TWNS-27,Sprinter
TVM-SCORSTP,Universal
sku-45336028479737,"Transit>130""|Transit>148"""
sku-45336028512505,"Transit>130""|Transit>148"""
A-EXT-SSB-01,Universal
A-T-FIN-LB,Transit
A-T-FIN-EB,Transit
A-T-SBH-LH-ESM2B4,Transit
A-T-SBH-LH-ESASB2,Transit
A-T-SBH-RH-ESM2B4,Transit
A-T-SBH-RH-ESASB2,Transit
A-T-SBH-BL-BL,Transit
A-T-SBH-MO-MO,Transit
sku-44176514547961,Sprinter|Transit
sku-44176822599929,Sprinter|Transit
A-T-FLT-01,Transit
A-T-FLT-02,Transit
A-T-FST-FS,Transit
A-T-FST-FRSTTR,Transit
A-T-PAT-WC-MRLB-FUWACE,Transit
A-T-PAT-WC-MRLB-CEON,Transit
A-T-PAT-WC-HRLB-FUWACE,Transit
A-T-PAT-WC-HRLB-CEON,Transit
A-T-PAT-WC-HREB-FUWACE,Transit
A-T-PAT-WC-HREB-CEON,Transit
A-T-EB-HR-RRK-01,"Transit>148"""
SQ4329947,Transit
SQ4329948,Transit
AVC_T130ST_30G,"Transit>130""|Transit>148"""
AVC_T148ST_30A,"Transit>130""|Transit>148"""
AVC_T148EXT_30D,"Transit>130""|Transit>148"""
A-T-SUP-UNS-FR,Transit
A-T-SUP-UNS-RE,Transit
A-T-SUP-UNS-CE,Transit
A-S-FST-01,Sprinter
A-S-FIS-44-NL,"Sprinter>144"""
sku-48761698648313,"Sprinter>144"""
sku-48544105988345,"Sprinter>144"""
sku-48761698681081,"Sprinter>144"""
A-T-CB-PAT-WL-MR-01,"Transit>148"""
A-T-CB-PAT-WL-HR-01,"Transit>148"""
A-T-CB-WLK-HR-BB,"Transit>148"""
A-T-CB-WLK-HR-FT,"Transit>148"""
A-T-CB-WLK-MR-BB,"Transit>148"""
A-T-CB-WLK-MR-FT,"Transit>148"""
A-T-PAT-FL-LB,"Transit>148"" Ext|Transit>148"""
A-T-PAT-FL-EB,"Transit>148"" Ext|Transit>148"""
A-SUP-WCS-SL,"Transit>130""|Transit>148"""
A-SUP-WCS-CRREON,"Transit>130""|Transit>148"""
A-SUP-WCS-EB,"Transit>130""|Transit>148"""
A-T-LKR-01,Transit
A-T-TBL-OG,Transit
A-T-TBL-LASL,Transit
AVC_T148MR_20E_UL,"Transit>148"""
AVC_T148MR_20E_BB,"Transit>148"""
AVC_T148MR_20F_UL,"Transit>148"""
AVC_T148MR_20F_BB,"Transit>148"""
AVC_T148MR_20G_UL,"Transit>148"""
AVC_T148MR_20G_BB,"Transit>148"""
AVC_T148MR_20H_UL,"Transit>148"""
AVC_T148MR_20H_BB,"Transit>148"""
AVC_T148HR_20A_UL,"Transit>148"""
AVC_T148HR_20A_BB,"Transit>148"""
AVC_T148HR_20B_UL,"Transit>148"""
AVC_T148HR_20B_BB,"Transit>148"""
AVC_T148HR_20C_UL,"Transit>148"""
AVC_T148HR_20C_BB,"Transit>148"""
AVC_T148HR_20D_UL,"Transit>148"""
AVC_T148HR_20D_BB,"Transit>148"""
LM-GENP-TRHQ,"Transit>148"""
LM-IOOP-KEGT,"Transit>148"""
LM-VWKS-UIWT,"Transit>148"""
LM-KWWF-CARN,"Transit>148"""
LM-IAFI-LMSQ,"Transit>148"""
LM-ZILG-JLTF,"Transit>148"""
LM-ILLQ-YUDG,"Transit>148"""
LM-TCBV-DGWY,"Transit>148"""
VNSPD-078,"Sprinter>144"""
VNSPD076,Universal
TVM-ACSRF144-HI,"Sprinter>144"""
TVM-ACSRF144-LO,"Sprinter>144"""
SQ3V2,Sprinter|Transit
10063,Universal
10064,Universal
10065,Universal
10066,Universal
10067,Universal
10068,Universal
10069,Universal
10070,Universal
10071,Universal
10072,Universal
10073,Universal
10074,Universal
10075,Universal
10076,Universal
10077,Universal
10078,Universal
10079,Universal
10070,Transit
10071,Transit
10072,Transit
10073,Transit
10074,Transit
10075,Transit
10076,Transit
10077,Transit
10078,Transit
10079,Transit
10080,Transit
10081,Transit
10082,Transit
10083,Transit
10084,Transit
10085,Transit
10086,Transit
10087,Transit
10088,Transit
10089,Transit
10090,Transit
10091,Transit
10092,Transit
10093,Transit
10094,Transit
10095,Transit
10096,Transit
10097,Transit
10098,Transit
10099,Transit
10248,Sprinter
10249,Sprinter
10250,Sprinter
10251,Sprinter
10252,Sprinter
10253,Sprinter
10254,Sprinter
10255,Sprinter
10256,Sprinter
10257,Sprinter
10258,Sprinter
10259,Sprinter
10260,Sprinter
10261,Sprinter
10262,Sprinter
10263,Sprinter
10264,Sprinter
LM-RUOO-VGYN,Sprinter|Transit|ProMaster
LM-TLLC-FTWS,Sprinter|Transit|ProMaster
LM-NJNU-FJEM,Sprinter|Transit|ProMaster
LM-BXEZ-WMPL,Sprinter|Transit|ProMaster
LM-BRMD-MHUO,Sprinter|Transit|ProMaster
LM-LXXF-JKJW,Sprinter|Transit|ProMaster
LM-QTCU-QPUW,Sprinter|Transit|ProMaster
LM-LPHK-TWVY,Sprinter|Transit|ProMaster
LM-JBPA-OMSS,Sprinter|Transit|ProMaster
LM-NYVS-RSDZ,Sprinter|Transit|ProMaster
LM-EDGE-OVFT,Sprinter|Transit|ProMaster
LM-GEOU-VNSX,Sprinter|Transit|ProMaster
LM-HAES-ODEF,Sprinter|Transit|ProMaster
LM-KIRI-FZGD,Sprinter|Transit|ProMaster
LM-OIBR-WTHT,Sprinter|Transit|ProMaster
LM-WYEU-GLMJ,Sprinter|Transit|ProMaster
LM-AVHF-DVTN,Sprinter|Transit|ProMaster
VNSPD081,"Transit>148"""
SQ1737228,Universal
RIG-GRB-FRG-1,Universal
RIG-GRB-FRG-2,Universal
RIG-GRB-FRG-3,Universal
RIG-GRUB-1,Universal
RIG-GRUB-2,Universal
RIG-GRUB-3,Universal
RIG-GRB-DWR-1,Universal
RIG-GRB-DWR-2,Universal
RIG-GRB-DWR-3,Universal
RIG-FLP-TBL,Universal
RIG-STC-SLD-SPR-BMB,"ProMaster>144""|ProMaster>170"" Ext|ProMaster>170""|ProMaster>148"" Ext|ProMaster>148""|ProMaster>159"" Ext|ProMaster>159""|Sprinter>144""|Sprinter>170"" Ext|Sprinter>170""|Sprinter>148"" Ext|Sprinter>148""|Sprinter>159"" Ext|Sprinter>159""|Transit>144""|Transit>170"" Ext|Transit>170""|Transit>148"" Ext|Transit>148""|Transit>159"" Ext|Transit>159"""
RIG-STC-SLD-TRN-BMB,"ProMaster>144""|ProMaster>170"" Ext|ProMaster>170""|ProMaster>148"" Ext|ProMaster>148""|ProMaster>159"" Ext|ProMaster>159""|Sprinter>144""|Sprinter>170"" Ext|Sprinter>170""|Sprinter>148"" Ext|Sprinter>148""|Sprinter>159"" Ext|Sprinter>159""|Transit>144""|Transit>170"" Ext|Transit>170""|Transit>148"" Ext|Transit>148""|Transit>159"" Ext|Transit>159"""
RIG-STC-SLD-PRO-BMB,"ProMaster>144""|ProMaster>170"" Ext|ProMaster>170""|ProMaster>148"" Ext|ProMaster>148""|ProMaster>159"" Ext|ProMaster>159""|Sprinter>144""|Sprinter>170"" Ext|Sprinter>170""|Sprinter>148"" Ext|Sprinter>148""|Sprinter>159"" Ext|Sprinter>159""|Transit>144""|Transit>170"" Ext|Transit>170""|Transit>148"" Ext|Transit>148""|Transit>159"" Ext|Transit>159"""
RIG-SCT,Universal
RIG-STC-SLM-SPR-BMB,"ProMaster>144""|ProMaster>170"" Ext|ProMaster>170""|ProMaster>148"" Ext|ProMaster>148""|ProMaster>159"" Ext|ProMaster>159""|Sprinter>144""|Sprinter>170"" Ext|Sprinter>170""|Sprinter>148"" Ext|Sprinter>148""|Sprinter>159"" Ext|Sprinter>159""|Transit>144""|Transit>170"" Ext|Transit>170""|Transit>148"" Ext|Transit>148""|Transit>159"" Ext|Transit>159"""
RIG-STC-SLM-TRN-BMB,"ProMaster>144""|ProMaster>170"" Ext|ProMaster>170""|ProMaster>148"" Ext|ProMaster>148""|ProMaster>159"" Ext|ProMaster>159""|Sprinter>144""|Sprinter>170"" Ext|Sprinter>170""|Sprinter>148"" Ext|Sprinter>148""|Sprinter>159"" Ext|Sprinter>159""|Transit>144""|Transit>170"" Ext|Transit>170""|Transit>148"" Ext|Transit>148""|Transit>159"" Ext|Transit>159"""
RIG-STC-SLM-PRO-BMB,"ProMaster>144""|ProMaster>170"" Ext|ProMaster>170""|ProMaster>148"" Ext|ProMaster>148""|ProMaster>159"" Ext|ProMaster>159""|Sprinter>144""|Sprinter>170"" Ext|Sprinter>170""|Sprinter>148"" Ext|Sprinter>148""|Sprinter>159"" Ext|Sprinter>159""|Transit>144""|Transit>170"" Ext|Transit>170""|Transit>148"" Ext|Transit>148""|Transit>159"" Ext|Transit>159"""
RIG-STC-TAL-SPR-BMB,"ProMaster>144""|ProMaster>170"" Ext|ProMaster>170""|ProMaster>148"" Ext|ProMaster>148""|ProMaster>159"" Ext|ProMaster>159""|Sprinter>144""|Sprinter>170"" Ext|Sprinter>170""|Sprinter>148"" Ext|Sprinter>148""|Sprinter>159"" Ext|Sprinter>159""|Transit>144""|Transit>170"" Ext|Transit>170""|Transit>148"" Ext|Transit>148""|Transit>159"" Ext|Transit>159"""
RIG-STC-TAL-TRN-BMB,"ProMaster>144""|ProMaster>170"" Ext|ProMaster>170""|ProMaster>148"" Ext|ProMaster>148""|ProMaster>159"" Ext|ProMaster>159""|Sprinter>144""|Sprinter>170"" Ext|Sprinter>170""|Sprinter>148"" Ext|Sprinter>148""|Sprinter>159"" Ext|Sprinter>159""|Transit>144""|Transit>170"" Ext|Transit>170""|Transit>148"" Ext|Transit>148""|Transit>159"" Ext|Transit>159"""
RIG-STC-TAL-PRO-BMB,"ProMaster>144""|ProMaster>170"" Ext|ProMaster>170""|ProMaster>148"" Ext|ProMaster>148""|ProMaster>159"" Ext|ProMaster>159""|Sprinter>144""|Sprinter>170"" Ext|Sprinter>170""|Sprinter>148"" Ext|Sprinter>148""|Sprinter>159"" Ext|Sprinter>159""|Transit>144""|Transit>170"" Ext|Transit>170""|Transit>148"" Ext|Transit>148""|Transit>159"" Ext|Transit>159"""
RIG-SHLF-TAL-SPR-BMB,Sprinter|Transit|ProMaster
RIG-SHLF-TAL-TRN-BMB,Sprinter|Transit|ProMaster
RIG-SHLF-TAL-PRO-BMB,Sprinter|Transit|ProMaster
RIG-SHLF-SLM-SPR-BMB,Sprinter|Transit|ProMaster
RIG-SHLF-SLM-TRN-BMB,Sprinter|Transit|ProMaster
RIG-SHLF-SLM-PRO-BMB,Sprinter|Transit|ProMaster
sku-46387286016212,Sprinter|Transit|ProMaster
sku-46387286048980,Sprinter|Transit|ProMaster
sku-46387286081748,Sprinter|Transit|ProMaster
sku-46387286114516,Sprinter|Transit|ProMaster
sku-46387286147284,Sprinter|Transit|ProMaster
sku-46387286180052,Sprinter|Transit|ProMaster
sku-46387286212820,Sprinter|Transit|ProMaster
sku-46387286245588,Sprinter|Transit|ProMaster
sku-46387286278356,Sprinter|Transit|ProMaster
sku-46387286311124,Sprinter|Transit|ProMaster
sku-46387286343892,Sprinter|Transit|ProMaster
sku-46387286376660,Sprinter|Transit|ProMaster
sku-46387286409428,Sprinter|Transit|ProMaster
sku-46387286442196,Sprinter|Transit|ProMaster
sku-46387286474964,Sprinter|Transit|ProMaster
sku-46387286507732,Sprinter|Transit|ProMaster
sku-46387286540500,Sprinter|Transit|ProMaster
sku-46387286573268,Sprinter|Transit|ProMaster
sku-46387286606036,Sprinter|Transit|ProMaster
sku-46387286638804,Sprinter|Transit|ProMaster
sku-46387286671572,Sprinter|Transit|ProMaster
sku-46387286704340,Sprinter|Transit|ProMaster
sku-46387286737108,Sprinter|Transit|ProMaster
sku-46387286769876,Sprinter|Transit|ProMaster
sku-46387286802644,Sprinter|Transit|ProMaster
sku-46387286835412,Sprinter|Transit|ProMaster
sku-46387286868180,Sprinter|Transit|ProMaster
sku-46387286900948,Sprinter|Transit|ProMaster
sku-46387286933716,Sprinter|Transit|ProMaster
sku-46387286966484,Sprinter|Transit|ProMaster
TWEZ-13,Sprinter
TWS-22,Sprinter
TWNS-02B,Sprinter
TVM-TLRBAR-NOSHLF,Transit
T7HTLRPA0S-1,Transit
T7HTLRPA0S-2,Transit
TVM-PEDALCMD-W906,Sprinter
TVM-PEDALCMD-W907,Sprinter
TWNS-50,Sprinter
TWNS-82,Sprinter
A-T-LB-LR-RRK-01,"Transit>148"""
A-T-RTW-01,Transit
A-T-RFT-01,Transit
A-T-LB-MR-RRK-01,"Transit>130""|Transit>148"""
A-T-RCP-01,Transit
A-T-WPB-01,Transit
A-T-SUP-FRK-LB,Transit
A-T-SUP-FRK-EB,Transit
A-T-SUP-FRK-CONL,Transit
sku-48755220513017,Transit
sku-48755220545785,Transit
A-T-LB-HR-RRK-01,"Transit>148"""
A-T-PAT-DR-MRLB-REDO,Transit
A-T-PAT-DR-MRLB-SLDO,Transit
sku-48304508993785,Transit
A-T-PAT-DR-HRLB-REDO,Transit
A-T-PAT-DR-HRLB-SLDO,Transit
sku-48304509026553,Transit
A-T-PAT-DR-HREB-REDO,Transit
A-T-PAT-DR-HREB-SLDO,Transit
sku-48304509059321,Transit
AVC_T148EXT_20I_UL,"Transit>148"""
AVC_T148EXT_20I_BB,"Transit>148"""
AVC_T148EXT_20J_UL,"Transit>148"""
AVC_T148EXT_20J_BB,"Transit>148"""
AVC_T148EXT_20K_UL,"Transit>148"""
AVC_T148EXT_20K_BB,"Transit>148"""
AVC_T148EXT_20L_UL,"Transit>148"""
AVC_T148EXT_20L_BB,"Transit>148"""
A-T-SB-MR-RRK-01,"Transit>130"""
Part #: 00-SLMMA-1897,Universal
TVU0188,Universal
TVU0209,Sprinter|Transit|ProMaster
TVU0211,Sprinter|Transit|ProMaster
TVU0210,Sprinter|Transit|ProMaster
TVU0213,ProMaster
TVU0213-2,ProMaster
TVU0213-1,ProMaster
TVU0187,ProMaster
TVU0187-2,ProMaster
TVU0187-1,ProMaster
sku-40512547946568,Sprinter
sku-40719319040072,Sprinter
6937711444040,Sprinter
SKU: GRP-STP,Transit
SP-IC,Sprinter
SP-DS,Sprinter
PHT-1,Universal
"SP-PFBv2-1, SP-PFBv2-2",Sprinter
"SP-PFBv3-1, SP-PFBv3-2",Sprinter
SP-BUB,Sprinter
MRD-SHB,Sprinter
MRD-SHB-PH,Sprinter
MAF-ACR,Sprinter
MRD-MFIMS,Sprinter|Transit|ProMaster
MRD-ARB-DSB,Sprinter
MRD-ARB-DSB-PSP,Sprinter
sku-52543299944815,Sprinter
sku-52547222372719,Sprinter
sku-52239194128751,Sprinter
sku-52543299977583,Sprinter
sku-52547222405487,Sprinter
S144-RL,"Sprinter>144"""
sku-44864932642992,Universal
sku-44864932675760,Universal
ETS0167,Sprinter
TWNS-70A,Sprinter
TWNS-70B,Sprinter
TWNS-70C,Sprinter
TWNS-70D,Sprinter
00-48hr-1907,"Transit>148"""
00-48mr-1906,"Transit>148"""
SKU PSAT18002R-01,"Transit>130""|Transit>148"""
SKU PSAT18002R-02,"Transit>130""|Transit>148"""
SKU PSAT18002R-03,"Transit>130""|Transit>148"""
SKU PSAT18001L-01,"Transit>130""|Transit>148"""
SKU PSAT18002L-02,"Transit>130""|Transit>148"""
SKU PSAT18002L-03,"Transit>130""|Transit>148"""
SKU PSASPCR002R-01,"Sprinter>144""|Sprinter>170"""
SKU PSASPCR002R-02,"Sprinter>144""|Sprinter>170"""
SKU PSASPCR002R-03,"Sprinter>144""|Sprinter>170"""
SKU PSASPCR001L-01,"Sprinter>144""|Sprinter>170"""
SKU PSASPCR001L-02,"Sprinter>144""|Sprinter>170"""
SKU PSASPCR001L-03,"Sprinter>144""|Sprinter>170"""
SKU VTGSPRBFL-L-01,"Sprinter>144""|Sprinter>170"""
SKU VTGSPRBFL-L-02,"Sprinter>144""|Sprinter>170"""
SKU VTGSPRBFL-L-03,"Sprinter>144""|Sprinter>170"""
SKU VTGSPRBFL-R-01,"Sprinter>144""|Sprinter>170"""
SKU VTGSPRBFL-R-02,"Sprinter>144""|Sprinter>170"""
SKU VTGSPRBFL-R-03,"Sprinter>144""|Sprinter>170"""
NWT0249,Transit
NWU0245,Sprinter|Transit|ProMaster
NWS0237,Sprinter
NWU0238,Sprinter|Transit|ProMaster
NWT0243,"Transit>130"""
NWT0239,Transit
NWU0255,Sprinter|Transit|ProMaster
NWU0240,Sprinter|Transit|ProMaster
NWU0247,Sprinter|Transit|ProMaster
NWU0251,Sprinter|Transit|ProMaster
NWU0254,Sprinter|Transit|ProMaster
NWU0244,Sprinter|Transit|ProMaster
NWS0236,"Sprinter>170"" Ext"
NWU0253,Sprinter|Transit|ProMaster
NWU0242,Sprinter|Transit|ProMaster
NWT0252,Transit
NWS0241,Sprinter
NWT0250,Transit
NWT0248,Transit
NWP0246,Sprinter|Transit|ProMaster
CAB-MIC-SPR-PFN,Sprinter|Transit|ProMaster
CAB-MIC-TRN-PFN,Sprinter|Transit|ProMaster
CAB-MIC-PRO-PFN,Sprinter|Transit|ProMaster
CAB-MIC-SPR-WHT,Sprinter|Transit|ProMaster
CAB-MIC-TRN-WHT,Sprinter|Transit|ProMaster
CAB-MIC-PRO-WHT,Sprinter|Transit|ProMaster
CAB-MIC-SPR-BLK,Sprinter|Transit|ProMaster
CAB-MIC-TRN-BLK,Sprinter|Transit|ProMaster
CAB-MIC-PRO-BLK,Sprinter|Transit|ProMaster
CAB-MIC-SPR-GRN,Sprinter|Transit|ProMaster
CAB-MIC-TRN-GRN,Sprinter|Transit|ProMaster
CAB-MIC-PRO-GRN,Sprinter|Transit|ProMaster
CAB-MIC-SPR-DNM,Sprinter|Transit|ProMaster
CAB-MIC-TRN-DNM,Sprinter|Transit|ProMaster
CAB-MIC-PRO-DNM,Sprinter|Transit|ProMaster
CAB-MIC-SPR-STLH,Sprinter|Transit|ProMaster
CAB-MIC-TRN-STLH,Sprinter|Transit|ProMaster
CAB-MIC-PRO-STLH,Sprinter|Transit|ProMaster
CAB-MIC-SPR-BAM,Sprinter|Transit|ProMaster
CAB-MIC-TRN-BAM,Sprinter|Transit|ProMaster
CAB-MIC-PRO-BAM,Sprinter|Transit|ProMaster
CAB-MIC-SPR-STLHBAM,Sprinter|Transit|ProMaster
CAB-MIC-TRN-STLHBAM,Sprinter|Transit|ProMaster
CAB-MIC-PRO-STLHBAM,Sprinter|Transit|ProMaster
KTN-TL-SPR-PFN-D130,Sprinter|Transit|ProMaster
KTN-TL-PRO-PFN-D130,Sprinter|Transit|ProMaster
KTN-TL-TRN-PFN-D130,Sprinter|Transit|ProMaster
KTN-TL-SPR-PFN-N130,Sprinter|Transit|ProMaster
KTN-TL-PRO-PFN-N130,Sprinter|Transit|ProMaster
KTN-TL-TRN-PFN-N130,Sprinter|Transit|ProMaster
KTN-TL-SPR-WHT-D130,Sprinter|Transit|ProMaster
KTN-TL-PRO-WHT-D130,Sprinter|Transit|ProMaster
KTN-TL-TRN-WHT-D130,Sprinter|Transit|ProMaster
KTN-TL-SPR-WHT-N130,Sprinter|Transit|ProMaster
KTN-TL-PRO-WHT-N130,Sprinter|Transit|ProMaster
KTN-TL-TRN-WHT-N130,Sprinter|Transit|ProMaster
KTN-TL-SPR-STLH-D130,Sprinter|Transit|ProMaster
KTN-TL-PRO-STLH-D130,Sprinter|Transit|ProMaster
KTN-TL-TRN-STLH-D130,Sprinter|Transit|ProMaster
KTN-TL-SPR-STLH-N130,Sprinter|Transit|ProMaster
KTN-TL-PRO-STLH-N130,Sprinter|Transit|ProMaster
KTN-TL-TRN-STLH-N130,Sprinter|Transit|ProMaster
KTN-TL-SPR-BLK-D130,Sprinter|Transit|ProMaster
KTN-TL-PRO-BLK-D130,Sprinter|Transit|ProMaster
KTN-TL-TRN-BLK-D130,Sprinter|Transit|ProMaster
KTN-TL-SPR-BLK-N130,Sprinter|Transit|ProMaster
KTN-TL-PRO-BLK-N130,Sprinter|Transit|ProMaster
KTN-TL-TRN-BLK-N130,Sprinter|Transit|ProMaster
KTN-TL-SPR-DNM-D130,Sprinter|Transit|ProMaster
KTN-TL-PRO-DNM-D130,Sprinter|Transit|ProMaster
KTN-TL-TRN-DNM-D130,Sprinter|Transit|ProMaster
KTN-TL-SPR-DNM-N130,Sprinter|Transit|ProMaster
KTN-TL-PRO-DNM-N130,Sprinter|Transit|ProMaster
KTN-TL-TRN-DNM-N130,Sprinter|Transit|ProMaster
UPP-PNF-SQL-SPR-20,Sprinter|Transit|ProMaster
UPP-PNF-SQL-PST-20,Sprinter|Transit|ProMaster
UPP-PNF-SQL-TRN-20,Sprinter|Transit|ProMaster
UPP-PNF-SQL-SPR-40,Sprinter|Transit|ProMaster
UPP-PNF-SQL-PST-40,Sprinter|Transit|ProMaster
UPP-PNF-SQL-TRN-40,Sprinter|Transit|ProMaster
UPP-PNF-SQL-SPR-48,Sprinter|Transit|ProMaster
UPP-PNF-SQL-PST-48,Sprinter|Transit|ProMaster
UPP-PNF-SQL-TRN-48,Sprinter|Transit|ProMaster
UPP-PNF-SQL-SPR-60,Sprinter|Transit|ProMaster
UPP-PNF-SQL-PST-60,Sprinter|Transit|ProMaster
UPP-PNF-SQL-TRN-60,Sprinter|Transit|ProMaster
UPP-WHT-SQL-SPR-20,Sprinter|Transit|ProMaster
UPP-WHT-SQL-PST-20,Sprinter|Transit|ProMaster
UPP-WHT-SQL-TRN-20,Sprinter|Transit|ProMaster
UPP-WHT-SQL-SPR-40,Sprinter|Transit|ProMaster
UPP-WHT-SQL-PST-40,Sprinter|Transit|ProMaster
UPP-WHT-SQL-TRN-40,Sprinter|Transit|ProMaster
UPP-WHT-SQL-SPR-48,Sprinter|Transit|ProMaster
UPP-WHT-SQL-PST-48,Sprinter|Transit|ProMaster
UPP-WHT-SQL-TRN-48,Sprinter|Transit|ProMaster
UPP-WHT-SQL-SPR-60,Sprinter|Transit|ProMaster
UPP-WHT-SQL-PST-60,Sprinter|Transit|ProMaster
UPP-WHT-SQL-TRN-60,Sprinter|Transit|ProMaster
UPP-BLK-SQL-SPR-20,Sprinter|Transit|ProMaster
UPP-BLK-SQL-PST-20,Sprinter|Transit|ProMaster
UPP-BLK-SQL-TRN-20,Sprinter|Transit|ProMaster
UPP-BLK-SQL-SPR-40,Sprinter|Transit|ProMaster
UPP-BLK-SQL-PST-40,Sprinter|Transit|ProMaster
UPP-BLK-SQL-TRN-40,Sprinter|Transit|ProMaster
VNMRT002,Sprinter
MRRVB-BLK,Universal
MRRVB-WHT,Universal
VNMRT013,Universal
SPRD-A,"Sprinter>144""|Sprinter>170"""
SPRD-B,"Sprinter>144""|Sprinter>170"""
SPRD-C,"Sprinter>144""|Sprinter>170"""
SPRD-D,"Sprinter>144""|Sprinter>170"""
SP-DJ,Sprinter
SQ-6,Sprinter|Transit
SP-PM-A,Sprinter
VNMRT012,Universal
VNSPD0090,Sprinter
VNMRT001,Sprinter
VNSPD077,"Sprinter>144""|Sprinter>170"""
sku-40529242456136,Sprinter
sku-40529242488904,Sprinter
sku-40561597775944,Sprinter
VNMRT007,Sprinter
VNSPD079,"Transit>148"""
VNSPD084,Sprinter
VNSPD080,"Transit>148"""
NWU0258,Sprinter|Transit|ProMaster
NWU0259,Sprinter|Transit|ProMaster
NWP0262,Sprinter|Transit|ProMaster
NWP0261,Sprinter|Transit|ProMaster
VNSPD102-A,Sprinter
VNSPD102-B,Sprinter
VNSPD102-C,Sprinter
VNSPD102-D,Sprinter
VNSPD101-A,Sprinter
VNSPD101-B,Sprinter
VNSPD100-A,Sprinter
VNSPD100-B,Sprinter
VNSPD104,Transit
VNSPD103-A,Transit
VNSPD103-B,Transit
sku-40571150860360,"Sprinter>144"""
sku-40571150893128,"Sprinter>144"""
VNSPD-029K + VW1033L + VW1033R,"Sprinter>144""|Sprinter>170"""
VNSPD-029 + VW1033L + VW1033R,"Sprinter>144""|Sprinter>170"""
VNSPD-029K,"Sprinter>144""|Sprinter>170"""
VNSPD-029,"Sprinter>144""|Sprinter>170"""
VNSPD-029BK,"Sprinter>144""|Sprinter>170"""
VNSPD-029B,"Sprinter>144""|Sprinter>170"""
VNSPD-030K + VW1033L + VW1033R,"Sprinter>144""|Sprinter>170"""
VNSPD-030 + VW1033L + VW1033R,"Sprinter>144""|Sprinter>170"""
VNSPD-030K,"Sprinter>144""|Sprinter>170"""
VNSPD-030,"Sprinter>144""|Sprinter>170"""
VNSPD-057K,"Transit>148""|Transit>148"" Ext"
VNSPD-057,"Transit>148""|Transit>148"" Ext"
VNSPD-057K + VW3310L + VW3310R,"Transit>148""|Transit>148"" Ext"
VNSPD-057 + VW3310L + VW3310R,"Transit>148""|Transit>148"" Ext"
VNSPD-082K,"Transit>148""|Transit>148"" Ext"
VNSPD-082,"Transit>148""|Transit>148"" Ext"
VNSPD-082K + VW3310L + VW3310R,"Transit>148""|Transit>148"" Ext"
VNSPD-082 + VW3310L + VW3310R,"Transit>148""|Transit>148"" Ext"
SP-V0005V2,Sprinter
FD-MRL,"Transit>148"""
SOLAR-B,Sprinter|Transit
"TRRR148MR-1, TRRRHR148-2, TRRR148HR-3","Transit>148"""
BOC,Sprinter
SP-RLB,Sprinter
SQ5-DB,Sprinter
TRRR148XC-2,Transit
FD-RTCL-1,Transit
SP-SBH-1,Sprinter
SP-SS144,"Sprinter>144""|Sprinter>170"""
SP-PTA-V2,Sprinter
SP-DTA-V3,Sprinter
"TRRR148HR-1, TRRR148HR-2, TRRR148HR-3","Transit>148"""
"SPLR144-1, SPLR144-2","Sprinter>144"""
"SPLR144-1, SPLR144-2","Sprinter>144"""
SPHRL,"Sprinter>144""|Sprinter>170"""
AADP144-All,"Sprinter>144""|Sprinter>170""|Sprinter>148""|Transit>144""|Transit>170""|Transit>148"""
ZZ-ZJ,Sprinter
FFHR,"Sprinter>144""|Sprinter>170"""
SP-SBH-2,Sprinter
SQ-SNTB,Sprinter
SP-RR144J,"Sprinter>144"""
SQ5,Sprinter|Transit
SPRR-XC-2,Sprinter
TRRR148-XC-2,Sprinter
SQ-2,Sprinter|Transit
A0006 V3,Sprinter
SP-V0006V2,Sprinter
SP-RTL-1,Sprinter
FD-HRL-01,"Transit>148"""
"SPRR170J-1, SPRR170J-2,SP-RR170J-3","Sprinter>170"""
"SPRR170J-1, SPRR170J-2,SP-RR170J-EXT","Sprinter>170"" Ext|Sprinter>170"""
SP-RDMP,Sprinter
"SPRR144v3-1, SPRR144V3-2,SPRR170v3","Sprinter>170"""
SP-PFB-V2-3,Sprinter
"TRRR148HREL-1, TRRR148HR-2, TRRR148HR-3","Transit>148"" Ext|Transit>148"""
LB-Bracket,Sprinter
SP-RRB-144,"Sprinter>144"""
"SP-PFBv2-1, SP-PFBv2-2",Sprinter
"SP-PFBv3-1, SP-PFBv3-2",Sprinter
"SPRR144v3-1, SPRR144v3-2","Sprinter>144"""
VNSPD083,Universal
TWNS-61,Sprinter|Transit
sku-45651484278975,Sprinter|Transit
TWNS-62,Sprinter|Transit
sku-45651484311743,Sprinter|Transit
TWS-68,Sprinter|Transit|ProMaster
TWFT-68,Sprinter|Transit|ProMaster
TWPM-68,Sprinter|Transit|ProMaster
TWS-17M,Sprinter
TWNS-93,Sprinter
TWUN-99,Universal
48Slider,Sprinter
28VS30,Sprinter
27VS30,Sprinter
47Rear,Sprinter
BH-LOW-1,Sprinter
BH-LOW-2,Sprinter
29Foot,Sprinter
26NCV3,Sprinter
NVC3CUP-1,Sprinter
LM-DMRP-BNIG,Sprinter
BAM-RU,Sprinter
25NCV3,Sprinter
SL-HEX,Sprinter
BH-UP,Sprinter
TetrapodSlide,Sprinter
BB-LOW,Sprinter
TetrapodRear,Sprinter
A-T-SUP-FCK-LB-BB,Transit
A-T-SUP-FCK-LB-NB,Transit
A-T-SUP-FCK-EB-BB,Transit
A-T-SUP-FCK-EB-NB,Transit
A-T-FSB-LB-LT,"Transit>148"""
A-T-FSB-LB-NL,"Transit>148"""
A-T-FSB-EB-LT,"Transit>148"""
A-T-FSB-EB-NL,"Transit>148"""
A-T-SUP-FAC-FR3PI,Transit
A-T-SUP-FAC-RE2PI,Transit
A-T-SB-LR-RRK-01,"Transit>130"""
A-T-EB-WWK-BB-01,"Transit>148"" Ext"
A-T-EB-WWK-BB-02,"Transit>148"" Ext"
A-T-EB-WWK-BB-03,"Transit>148"" Ext"
A-T-EB-WWK-BB-04,"Transit>148"" Ext"
A-T-EB-WWK-BB-05,"Transit>148"" Ext"
A-T-EB-WWK-BB-06,"Transit>148"" Ext"
A-T-EB-WWK-BB-07,"Transit>148"" Ext"
A-T-EB-WWK-BB-08,"Transit>148"" Ext"
A-T-EB-WWK-BB-09,"Transit>148"" Ext"
A-T-EB-WWK-BB-10,"Transit>148"" Ext"
A-T-EB-WWK-BB-11,"Transit>148"" Ext"
A-T-EB-WWK-BB-12,"Transit>148"" Ext"
A-T-EB-WWK-BB-13,"Transit>148"" Ext"
A-T-EB-WWK-BB-14,"Transit>148"" Ext"
A-T-EB-WWK-BB-15,"Transit>148"" Ext"
A-T-EB-WWK-BB-16,"Transit>148"" Ext"
A-T-EB-WWK-BB-17,"Transit>148"" Ext"
A-T-EB-WWK-BB-18,"Transit>148"" Ext"
A-T-EB-WWK-BB-19,"Transit>148"" Ext"
A-T-EB-WWK-BB-20,"Transit>148"" Ext"
A-T-EB-WWK-BB-21,"Transit>148"" Ext"
A-T-EB-WWK-BB-22,"Transit>148"" Ext"
A-T-EB-WWK-BB-23,"Transit>148"" Ext"
A-T-EB-WWK-BB-24,"Transit>148"" Ext"
A-T-EB-WWK-BB-25,"Transit>148"" Ext"
A-T-EB-WWK-BB-26,"Transit>148"" Ext"
A-T-EB-WWK-BB-27,"Transit>148"" Ext"
A-T-EB-WWK-BB-28,"Transit>148"" Ext"
A-T-EB-WWK-BB-29,"Transit>148"" Ext"
A-T-EB-WWK-BB-30,"Transit>148"" Ext"
A-T-LB-MR-WWK-BB-01,"Transit>148"""
A-T-LB-MR-WWK-BB-02,"Transit>148"""
A-T-LB-MR-WWK-BB-03,"Transit>148"""
A-T-LB-MR-WWK-BB-04,"Transit>148"""
A-T-LB-MR-WWK-BB-05,"Transit>148"""
A-T-LB-MR-WWK-BB-06,"Transit>148"""
A-T-LB-MR-WWK-BB-07,"Transit>148"""
A-T-LB-MR-WWK-BB-08,"Transit>148"""
A-T-LB-MR-WWK-BB-09,"Transit>148"""
A-T-LB-MR-WWK-BB-10,"Transit>148"""
A-T-LB-MR-WWK-BB-11,"Transit>148"""
A-T-LB-MR-WWK-BB-12,"Transit>148"""
A-T-LB-MR-WWK-BB-13,"Transit>148"""
A-T-LB-MR-WWK-BB-14,"Transit>148"""
A-T-LB-MR-WWK-BB-15,"Transit>148"""
A-T-LB-MR-WWK-BB-16,"Transit>148"""
A-T-LB-MR-WWK-BB-17,"Transit>148"""
A-T-LB-MR-WWK-BB-18,"Transit>148"""
A-T-LB-MR-WWK-BB-19,"Transit>148"""
A-T-LB-MR-WWK-BB-20,"Transit>148"""
A-T-LB-MR-WWK-BB-21,"Transit>148"""
A-T-LB-MR-WWK-BB-22,"Transit>148"""
A-T-LB-MR-WWK-BB-23,"Transit>148"""
A-T-LB-MR-WWK-BB-24,"Transit>148"""
A-T-LB-MR-WWK-BB-25,"Transit>148"""
A-T-LB-MR-WWK-BB-26,"Transit>148"""
A-T-LB-MR-WWK-BB-27,"Transit>148"""
A-T-LB-MR-WWK-BB-28,"Transit>148"""
A-T-LB-MR-WWK-BB-29,"Transit>148"""
A-T-LB-MR-WWK-BB-30,"Transit>148"""
A-T-LB-HR-WWK-BB-01,"Transit>148"""
A-T-LB-HR-WWK-BB-02,"Transit>148"""
A-T-LB-HR-WWK-BB-03,"Transit>148"""
A-T-LB-HR-WWK-BB-04,"Transit>148"""
A-T-LB-HR-WWK-BB-05,"Transit>148"""
A-T-LB-HR-WWK-BB-06,"Transit>148"""
A-T-LB-HR-WWK-BB-07,"Transit>148"""
A-T-LB-HR-WWK-BB-08,"Transit>148"""
A-T-LB-HR-WWK-BB-09,"Transit>148"""
A-T-LB-HR-WWK-BB-10,"Transit>148"""
A-T-LB-HR-WWK-BB-11,"Transit>148"""
A-T-LB-HR-WWK-BB-12,"Transit>148"""
A-T-LB-HR-WWK-BB-13,"Transit>148"""
A-T-LB-HR-WWK-BB-14,"Transit>148"""
A-T-LB-HR-WWK-BB-15,"Transit>148"""
A-T-LB-HR-WWK-BB-16,"Transit>148"""
A-T-LB-HR-WWK-BB-17,"Transit>148"""
A-T-LB-HR-WWK-BB-18,"Transit>148"""
A-T-LB-HR-WWK-BB-19,"Transit>148"""
A-T-LB-HR-WWK-BB-20,"Transit>148"""
A-T-LB-HR-WWK-BB-21,"Transit>148"""
A-T-LB-HR-WWK-BB-22,"Transit>148"""
A-T-LB-HR-WWK-BB-23,"Transit>148"""
A-T-LB-HR-WWK-BB-24,"Transit>148"""
A-T-LB-HR-WWK-BB-25,"Transit>148"""
A-T-LB-HR-WWK-BB-26,"Transit>148"""
A-T-LB-HR-WWK-BB-27,"Transit>148"""
A-T-LB-HR-WWK-BB-28,"Transit>148"""
A-T-LB-HR-WWK-BB-29,"Transit>148"""
A-T-LB-HR-WWK-BB-30,"Transit>148"""
A-T-FSS-LB-LT,"Transit>130""|Transit>148"""
A-T-FSS-LB-NL,"Transit>130""|Transit>148"""
A-T-FSS-EB-LT,"Transit>130""|Transit>148"""
A-T-FSS-EB-NL,"Transit>130""|Transit>148"""
VNSPD085,Sprinter
"PM159HR-1, PM159HR-2","ProMaster>159"""
"PM159HREL-1, PM159HR-2","ProMaster>159"" Ext|ProMaster>159"""
PM-159HRL,"ProMaster>159"""
SG-STORM,Sprinter
EP-FAF,Sprinter
IP-LAG-PASS,Sprinter
IP-LAGKIT-PASS-SLV,Sprinter
IP-LAG-DRV,Sprinter
IP-LAGKIT-DRV-SLV,Sprinter
IP-LAGKIT-STE-SLV,Sprinter
IP-LAGKIT-PASS-BLK,Sprinter
IP-LAGKIT-DRV-BLK,Sprinter
IP-LAGKIT-STE-BLK,Sprinter
SG-SHWR,Sprinter
SG-WAPO-SM,Sprinter|Transit
SG-WAPO-MED,Sprinter|Transit
SG-WAPO-LG,Sprinter|Transit
SG-WAPO-MULTIPK,Sprinter|Transit
SG-UTIBA-SM-BLK,Sprinter
SG-UTIBA-SS-BLK,Sprinter
SG-UTIBA-LG-BLK,Sprinter
SG-UTIBA-SL-BLK,Sprinter
SG-UTIBA-BTL-BLK,Sprinter
SG-UTIBA-SET-BLK,Sprinter
sku-54791481589833,Sprinter
sku-55073555677257,Sprinter
SG-UTIBA-SM-GRY,Sprinter
SG-UTIBA-SS-GRY,Sprinter
SG-UTIBA-LG-GRY,Sprinter
SG-UTIBA-SL-GRY,Sprinter
SG-UTIBA-BTL-GRY,Sprinter
SG-UTIBA-SET-GRY,Sprinter
sku-54791481622601,Sprinter
sku-55073555710025,Sprinter
VNSPD087,"Sprinter>144""|Sprinter>170"""
LM-ETSV-VUUI,"Sprinter>144""|Sprinter>170"""
VNSPD086 & VNSPD087,"Sprinter>144""|Sprinter>170"""
VNSPD088,"Sprinter>144""|Sprinter>148""|Sprinter>170""|Transit>144""|Transit>148""|Transit>170"""
VNSPD086,"Sprinter>144""|Sprinter>148""|Sprinter>170""|Transit>144""|Transit>148""|Transit>170"""
VNSPD089 & VNSPD088,"Sprinter>144""|Sprinter>148""|Sprinter>170""|Transit>144""|Transit>148""|Transit>170"""
PRO2105,ProMaster
VEPRO015,ProMaster
PRO2105-BK,ProMaster
PROFW293L,ProMaster
PROFW293L-BK,ProMaster
PRO2106,ProMaster
PRO2106-BK,ProMaster
FORD2101,Transit
VEFORD011,Transit
FORD2101-BK,Transit
MERC006,Sprinter
VE3016,Sprinter
MERC006-BK,Sprinter
STOREPROLOWER,ProMaster
FORD2104,Transit
VEFORD014,Transit
FORD2104-BK,Transit
FORD2106,Transit
FORD2106-BK,Transit
SHOWERSCREEN,Sprinter|Transit|ProMaster
STOREPROMIDDLE,ProMaster
VE3014,Sprinter
MERC004,Sprinter
MERC004-BK,Sprinter
VE3018,Sprinter
MERC010,Sprinter
MERC010-BK,Sprinter
BUGMERC05,Sprinter
BUGMERC01,Sprinter
VE3013,Sprinter
MERC003,Sprinter
MERC003-BK,Sprinter
VE3019,Sprinter
MERC011,Sprinter
MERC011-BK,Sprinter
VE3027,Sprinter
MERC026,Sprinter
MERC026-BK,Sprinter
MERC031,Sprinter
MERC030,Sprinter
MERC030-BK,Sprinter
BUGPRO05,ProMaster
BUGPRO01,ProMaster
FORD2103,Transit
VEFORD013,Transit
FORD2103-BK,Transit
STOREFORDMIDDLE,Transit
FORD2101-BK-REF,Transit
FORD2101-REF,Transit
STOREPROUPPER,ProMaster
STOREMERCLOWERVS30,Sprinter
STOREMERCLOWERNCV3,Sprinter
MERCKITCAB06-BK-REF,Sprinter
MERCKITCAB07-REF,Sprinter
MERCKITCAB09-BK-REF,Sprinter
MERCKITCAB10-REF,Sprinter
FORD2103-BK-REF,Transit
FORD2103-REF,Transit
STORESEAT,Universal
MERC004-BK-REF,Sprinter
MERC004-REF,Sprinter
MERC010-BK-REF,Sprinter
MERC010-REF,Sprinter
MERC024,Sprinter
MERC025,Sprinter
MERC043,Sprinter
MERC044,Sprinter
MERC062,Sprinter
MERC063,Sprinter
MERC024-BK,Sprinter
MERC025-BK,Sprinter
MERC043-BK,Sprinter
MERC044-BK,Sprinter
STOREFORDUPPER,Transit
FORD2110,Transit
FORD2115,Transit
FORD2110-BK,Transit
FORD2115-BK,Transit
PRO2103-BK-REF,ProMaster
PRO2103-REF,ProMaster
MERC005-BK-REF,Sprinter
MERC005-REF,Sprinter
PRO2101-BK-REF,ProMaster
PRO2101-REF,ProMaster
STOREFORDLOWER,Transit
BUGFORD05,Transit
BUGFORD01,Transit
BUGFORD03,Transit
BUGFORD02,Transit
BUGMERC06,Sprinter
BUGMERC04,Sprinter
BUGPRO06,ProMaster
BUGFORD04,Transit
BUGPRO04,ProMaster
PRO2104,ProMaster
VEPRO014,ProMaster
PRO2104-BK,ProMaster
PRO2101,ProMaster
VEPRO011,ProMaster
PRO2101-BK,ProMaster
BUGFORD06,Transit
MERC045,Sprinter
MERC046,Sprinter
MERC064,Sprinter
MERC065,Sprinter
MERC045-BK,Sprinter
MERC046-BK,Sprinter
FORD2102,Transit
VEFORD012,Transit
FORD2102-BK,Transit
FORD2109,Transit
FORD2109-BK,Transit
FORD2105,Transit
VEFORD015,Transit
FORD2105-BK,Transit
FORD2107,Transit
FORD2107-BK,Transit
FORD293CH,Transit
FORD293CO,Transit
FORD293BK,Transit
FORD2116,Transit
FORD2116-BK,Transit
FORD2117,Transit
FORD2117-BK,Transit
MERC007,Sprinter
VE3017,Sprinter
MERC007-BK,Sprinter
MERC032,Sprinter
MERC033,Sprinter
MERC032-BK,Sprinter
MERC034,Sprinter
MERC067,Sprinter
MERC034-BK,Sprinter
MERC036,Sprinter
MERC068,Sprinter
MERC036-BK,Sprinter
MERC037,Sprinter
MERC037-BK,Sprinter
MERC038,Sprinter
MERC038-BK,Sprinter
MERC005,Sprinter
VE3015,Sprinter
MERC005-BK,Sprinter
PRO2103,ProMaster
VEPRO013,ProMaster
PRO2103-BK,ProMaster
FORD2114,Transit
FORD2113,Transit
FORD2112,Transit
FORD2111,Transit
FORD2119,Transit
FORD2118,Transit
FORD2114-BK,Transit
FORD2113-BK,Transit
FORD2112-BK,Transit
FORD2111-BK,Transit
FORD2119-BK,Transit
FORD2118-BK,Transit
PRO2102,ProMaster
VEPRO012,ProMaster
PRO2102-BK,ProMaster
GCT0348,Transit
GCT0348-1,Transit
GCT0348-2,Transit
GCT0348-3,Transit
GCT0348-4,Transit
GCT0349,Transit
GCT0349-1,Transit
GCT0349-2,Transit
GCT0349-3,Transit
GCT0349-4,Transit
EMT0294,Transit
GC-BWFT-S-1,Sprinter
sku-51081504784548,Sprinter
sku-51081504817316,Sprinter
sku-51081504850084,Sprinter
sku-51081504882852,Sprinter
sku-51081504915620,Sprinter
sku-51081504948388,Sprinter
sku-51081504981156,Sprinter
sku-51081505013924,Sprinter
sku-51081505046692,Sprinter
sku-51081505079460,Sprinter
sku-51081505112228,Sprinter
sku-51081505144996,Sprinter
sku-51081505177764,Sprinter
sku-51081505210532,Sprinter
sku-51081505243300,Sprinter
sku-51081505276068,Sprinter
sku-51081505308836,Sprinter
sku-51081505341604,Sprinter
sku-51081505374372,Sprinter
sku-51081505407140,Sprinter
sku-51081505439908,Sprinter
sku-51081505472676,Sprinter
sku-51081505505444,Sprinter
sku-51081505538212,Sprinter
sku-51081505570980,Sprinter
sku-51081505603748,Sprinter
sku-51081505636516,Sprinter
sku-51081505669284,Sprinter
BWS-S-1,Sprinter
sku-51054464172196,Sprinter
BWS-S-2,Sprinter
sku-51054464204964,Sprinter
BWS-S-3,Sprinter
BWU0275,Sprinter
BWS-S-4,Sprinter
sku-51054464270500,Sprinter
BWS-S-5,Sprinter
sku-51054464303268,Sprinter
BWS-S-6,Sprinter
BWU0276,Sprinter
BWS-R-1,Sprinter
BWS-R-2,Sprinter
STOREMERCMIDDLEVS30,Sprinter
STOREMERCMIDDLENCV3,Sprinter
FORDCURTAIN,Transit
STOREPROREARPILLAR,ProMaster
STOREMERCSLIDEUPPER,Sprinter
STOREMERCUPPER,Sprinter
STOREPROSLIDELOWER,ProMaster
MERCCURTAIN,Sprinter
STOREFORDSLIDELOWER,Transit
STOREMERCSLIDELOWER,Sprinter
PROHEADRAIL,ProMaster
PROCURTAIN,ProMaster
FORDHEADSHELFGH,Transit
FORDHEADSHELFGH,Transit
FORDHEADSHELF,Transit
STOREPROSLIDEUPPER,ProMaster
MERCSHELFCOVER,Sprinter
MERCHEADSHELF,Sprinter
A-T-DPW-01,Transit
A-S-FIN-44,"Sprinter>170"""
15089,Sprinter
13173,Sprinter
VS-CURTAIN-INS-BK,Sprinter|Transit
VS-CURTAIN-BK,Sprinter|Transit
sku-45588893302956,Sprinter|Transit
14876-TB,Transit
13553-SS,Sprinter|Transit|ProMaster
13553-TB,Sprinter|Transit|ProMaster
13553-WH,Sprinter|Transit|ProMaster
13553-LG,Sprinter|Transit|ProMaster
13553-CH,Sprinter|Transit|ProMaster
13553-DG,Sprinter|Transit|ProMaster
13553-MB,Sprinter|Transit|ProMaster
13553-SG,Sprinter|Transit|ProMaster
13552-SS,Sprinter|Transit|ProMaster
13552-TB,Sprinter|Transit|ProMaster
13552-WH,Sprinter|Transit|ProMaster
13552-LG,Sprinter|Transit|ProMaster
13552-CH,Sprinter|Transit|ProMaster
13552-DG,Sprinter|Transit|ProMaster
13552-MB,Sprinter|Transit|ProMaster
13552-SG,Sprinter|Transit|ProMaster
sku-44999064191148,"Sprinter>144"""
HEATER-H,Sprinter|Transit|ProMaster
22488-SS,Sprinter|Transit|ProMaster
22488-TB,Sprinter|Transit|ProMaster
22488-WH,Sprinter|Transit|ProMaster
22488-LG,Sprinter|Transit|ProMaster
22488-CH,Sprinter|Transit|ProMaster
22488-DG,Sprinter|Transit|ProMaster
22488-MB,Sprinter|Transit|ProMaster
22488-SG,Sprinter|Transit|ProMaster
22488-WA,Sprinter|Transit|ProMaster
13176,Sprinter
sku-44999021920428,"Sprinter>144"""
HEATER-G,Sprinter|Transit|ProMaster
24598-SS,Sprinter|Transit|ProMaster
24598-TB,Sprinter|Transit|ProMaster
24598-WH,Sprinter|Transit|ProMaster
24598-LG,Sprinter|Transit|ProMaster
24598-CH,Sprinter|Transit|ProMaster
24598-DG,Sprinter|Transit|ProMaster
24598-MB,Sprinter|Transit|ProMaster
24598-SG,Sprinter|Transit|ProMaster
24598-WA,Sprinter|Transit|ProMaster
16303-SS,Sprinter|Transit|ProMaster
16303-TB,Sprinter|Transit|ProMaster
16303-WH,Sprinter|Transit|ProMaster
16303-LG,Sprinter|Transit|ProMaster
16303-CH,Sprinter|Transit|ProMaster
16303-DG,Sprinter|Transit|ProMaster
16303-MB,Sprinter|Transit|ProMaster
16303-SG,Sprinter|Transit|ProMaster
16303-WA,Sprinter|Transit|ProMaster
13841-SS,Sprinter|Transit|ProMaster
13841-TB,Sprinter|Transit|ProMaster
13841-WH,Sprinter|Transit|ProMaster
13841-LG,Sprinter|Transit|ProMaster
13841-CH,Sprinter|Transit|ProMaster
13841-DG,Sprinter|Transit|ProMaster
13841-MB,Sprinter|Transit|ProMaster
13841-SG,Sprinter|Transit|ProMaster
sku-56349401546918,Universal
BH-RU,Sprinter
1TA.245,"ProMaster>159"""
1TA.246,"ProMaster>159"""
1TA.104,"Transit>148"" Ext|Transit>148"""
1TA.105,"Transit>148"" Ext|Transit>148"""
1TA.211,"Sprinter>144""|Sprinter>170"""
1TA.212,"Sprinter>144""|Sprinter>170"""
1TA.244,"Sprinter>144""|Sprinter>170"""
1TA.209,"Sprinter>144""|Sprinter>170"""
1TA.210,"Sprinter>144""|Sprinter>170"""
1TA.057,"Sprinter>144""|Sprinter>170"""
1TA.054,"Transit>148"" Ext|Transit>148"""
1TA.053,"Transit>148"" Ext|Transit>148"""
A-S-FSS-44-LT,"Sprinter>144""|Sprinter>170"""
A-S-FSS-44-NL,"Sprinter>144""|Sprinter>170"""
sku-48849578688761,"Sprinter>144""|Sprinter>170"""
sku-48849578721529,"Sprinter>144""|Sprinter>170"""
VNSPD006,"Sprinter>144""|Sprinter>170"""
VNSPD006 + VNSPD-005-SA3,"Sprinter>144""|Sprinter>170"""
SP-TB1,Universal
U-SBOX,Sprinter
SP-RPSL,"Sprinter>144"""
SP-PRR,"Sprinter>144""|Sprinter>170"""
U-BSK,Sprinter
PMRR-XC-2,"ProMaster>159"""
sku-46166579347587,Sprinter
sku-46004217741443,Sprinter
sku-46166772023427,Sprinter
sku-45890978087043,Sprinter
CA-011,Sprinter
CA-010,Sprinter
1B7-SKNY-2.0-NEW-BLU,Sprinter
1B2-SKNY-2.0-NEW-oak,Sprinter
1B3-SKNY-2.0-NEW-Bam,Sprinter
1B5-SKNY-2.0-NEW-carblk,Sprinter
1B6-SKNY-2.0-NEW-EBY,Sprinter
1D7-SOLO-FLD-EBY,Sprinter
1D5-SOLO-FLD-BAM,Sprinter
1D7-SOLO-FLD-CBBLK,Sprinter
SOLO-FLD-oak,Sprinter
1D7-SOLO-FLD-nvyblu,Sprinter
1D6-SOLO-FLD-SLVOK,Sprinter
1B12-LG-uni-bam,Sprinter
1B11-LG-uni-crblk,Sprinter
1B12-LG-uni-eby,Sprinter
1B10-LG-uni-oak,Sprinter
1B9-LG-uni-nvyblu,Sprinter
1B9-LG-uni-slvroak,Sprinter
1C8-SM-uni-bam,Sprinter
SM-uni-cbblk,Sprinter
1C6-SM-uni-eby,Sprinter
1C7-SM-uni-oak,Sprinter
1C9-SM-uni-nvyblu,Sprinter
1C6-MIN-SKIN-FLD-OAK,Sprinter
1C2-MIN-SKIN-FLD-bam,Sprinter
1C5-MIN-SKIN-FLD-BLK,Sprinter
1C4-MIN-SKIN-FLD-Ebn,Sprinter
1C3-MIN-SKIN-FLD-NVY,Sprinter
VNMRT022,Sprinter
VNMRT020,Universal
VNSPD092,Sprinter
VSPRO062,"Sprinter>144""|Sprinter>170"""
VSPRO061,"Sprinter>144""|Sprinter>170"""
VSPRO061F,"Sprinter>144""|Sprinter>170"""
VNMRT0660,"Sprinter>144""|Sprinter>170"""
